{"cameraMode":{"drawMode":0,"name":"Shaded","section":"Shading Mode"},"sceneLighting":true,"audioPlay":false,"sceneViewState":{"m_AlwaysRefresh":false,"showFog":false,"showSkybox":false,"showFlares":false,"showImageEffects":false,"showParticleSystems":false,"showVisualEffectGraphs":true,"m_FxEnabled":true},"in2DMode":false,"pivot":{"x":2.5272727012634279,"y":0.6353920698165894,"z":3.727562189102173},"rotation":{"x":-0.28281840682029726,"y":0.022151965647935869,"z":-0.006533436477184296,"w":-0.9588961005210877},"size":6.90739631652832,"orthographic":false}