{"cameraMode":{"drawMode":0,"name":"Shaded","section":"Shading Mode"},"sceneLighting":true,"audioPlay":false,"sceneViewState":{"m_AlwaysRefresh":false,"showFog":false,"showSkybox":false,"showFlares":false,"showImageEffects":false,"showParticleSystems":false,"showVisualEffectGraphs":true,"m_FxEnabled":true},"in2DMode":false,"pivot":{"x":-0.9561423063278198,"y":0.4927558898925781,"z":0.09006011486053467},"rotation":{"x":-0.14717498421669007,"y":0.8056581616401672,"z":-0.22454386949539185,"w":-0.5280705094337463},"size":1.4138054847717286,"orthographic":false}