{"cameraMode":{"drawMode":0,"name":"Shaded","section":"Shading Mode"},"sceneLighting":false,"audioPlay":false,"sceneViewState":{"m_AlwaysRefresh":false,"showFog":false,"showSkybox":false,"showFlares":false,"showImageEffects":false,"showParticleSystems":false,"showVisualEffectGraphs":true,"m_FxEnabled":true},"in2DMode":false,"pivot":{"x":0.01244819164276123,"y":0.7273591160774231,"z":-0.30420780181884768},"rotation":{"x":-0.011979276314377785,"y":0.9877687096595764,"z":0.0981098860502243,"w":0.12060799449682236},"size":3.007394790649414,"orthographic":false}