{"cameraMode":{"drawMode":0,"name":"Shaded","section":"Shading Mode"},"sceneLighting":true,"audioPlay":false,"sceneViewState":{"m_AlwaysRefresh":false,"showFog":true,"showSkybox":true,"showFlares":true,"showImageEffects":true,"showParticleSystems":true,"showVisualEffectGraphs":true,"m_FxEnabled":true},"in2DMode":false,"pivot":{"x":21.444252014160158,"y":-12.623558044433594,"z":163.59896850585938},"rotation":{"x":-0.18920566141605378,"y":-0.13882015645503999,"z":0.02703053131699562,"w":-0.9717003703117371},"size":170.3858642578125,"orthographic":false}