{"cameraMode":{"drawMode":0,"name":"Shaded","section":"Shading Mode"},"sceneLighting":true,"audioPlay":false,"sceneViewState":{"showFog":false,"showMaterialUpdate":false,"showSkybox":false,"showFlares":false,"showImageEffects":false,"showParticleSystems":false},"in2DMode":false,"pivot":{"x":-2.23219895362854,"y":-1.2609434127807618,"z":-0.39675045013427737},"rotation":{"x":-0.2571079730987549,"y":0.11419083178043366,"z":-0.030613867565989496,"w":-0.9591275453567505},"size":10.364392280578614,"orthographic":false}