{"cameraMode":{"drawMode":0,"name":"Shaded","section":"Shading Mode"},"sceneLighting":true,"audioPlay":false,"sceneViewState":{"m_AlwaysRefresh":false,"showFog":false,"showSkybox":false,"showFlares":false,"showImageEffects":false,"showParticleSystems":false,"showVisualEffectGraphs":true,"m_FxEnabled":true},"in2DMode":false,"pivot":{"x":10.289167404174805,"y":1.6513110399246216,"z":10.520944595336914},"rotation":{"x":-0.13263782858848573,"y":0.3589499294757843,"z":-0.051611486822366717,"w":-0.9224486351013184},"size":3.161531448364258,"orthographic":false}