{"cameraMode":{"drawMode":0,"name":"Shaded","section":"Shading Mode"},"sceneLighting":true,"audioPlay":false,"sceneViewState":{"m_AlwaysRefresh":false,"showFog":false,"showSkybox":false,"showFlares":false,"showImageEffects":false,"showParticleSystems":false,"showVisualEffectGraphs":true,"m_FxEnabled":true},"in2DMode":false,"pivot":{"x":30.117528915405275,"y":-6.119322776794434,"z":18.145526885986329},"rotation":{"x":0.21791529655456544,"y":0.04448029771447182,"z":-0.009940341114997864,"w":0.9749147295951843},"size":14.090331077575684,"orthographic":false}