{"cameraMode":{"drawMode":0,"name":"Shaded","section":"Shading Mode"},"sceneLighting":true,"audioPlay":false,"sceneViewState":{"m_AlwaysRefresh":false,"showFog":false,"showSkybox":false,"showFlares":false,"showImageEffects":false,"showParticleSystems":false,"showVisualEffectGraphs":true,"m_FxEnabled":true},"in2DMode":false,"pivot":{"x":429.5700988769531,"y":314.7290954589844,"z":-24.69488525390625},"rotation":{"x":0.003592747962102294,"y":-0.001499885693192482,"z":-0.000009374112778459676,"w":-0.9999992251396179},"size":287.7467956542969,"orthographic":false}