{"cameraMode":{"drawMode":0,"name":"Shaded","section":"Shading Mode"},"sceneLighting":true,"audioPlay":false,"sceneViewState":{"m_AlwaysRefresh":false,"showFog":false,"showSkybox":false,"showFlares":false,"showImageEffects":false,"showParticleSystems":false,"showVisualEffectGraphs":true,"m_FxEnabled":true},"in2DMode":false,"pivot":{"x":11.363009452819825,"y":-3.2478322982788088,"z":14.480352401733399},"rotation":{"x":0.15149803459644319,"y":0.15118330717086793,"z":-0.023452186957001687,"w":0.9765581488609314},"size":20.555015563964845,"orthographic":false}