{"cameraMode":{"drawMode":0,"name":"Shaded","section":"Shading Mode"},"sceneLighting":true,"audioPlay":false,"sceneViewState":{"m_AlwaysRefresh":false,"showFog":false,"showSkybox":false,"showFlares":false,"showImageEffects":false,"showParticleSystems":false,"showVisualEffectGraphs":true,"m_FxEnabled":true},"in2DMode":false,"pivot":{"x":0.035444051027297977,"y":0.25312772393226626,"z":0.20743346214294434},"rotation":{"x":0.3525717854499817,"y":-0.28512266278266909,"z":0.1137181743979454,"w":0.8840107917785645},"size":0.21730858087539674,"orthographic":false}