{"cameraMode":{"drawMode":0,"name":"Shaded","section":"Shading Mode"},"sceneLighting":true,"audioPlay":false,"sceneViewState":{"m_AlwaysRefresh":false,"showFog":false,"showSkybox":false,"showFlares":false,"showImageEffects":false,"showParticleSystems":false,"showVisualEffectGraphs":true,"m_FxEnabled":true},"in2DMode":false,"pivot":{"x":11.055713653564454,"y":11.96461009979248,"z":23.52158546447754},"rotation":{"x":-0.13138271868228913,"y":-0.059149302542209628,"z":0.007853535003960133,"w":-0.9895358681678772},"size":19.962860107421876,"orthographic":false}