{"cameraMode":{"drawMode":0,"name":"Shaded","section":"Shading Mode"},"sceneLighting":true,"audioPlay":false,"sceneViewState":{"m_AlwaysRefresh":false,"showFog":false,"showSkybox":false,"showFlares":false,"showImageEffects":false,"showParticleSystems":false,"showVisualEffectGraphs":true,"m_FxEnabled":true},"in2DMode":false,"pivot":{"x":-2.197761058807373,"y":2.76824951171875,"z":20.19567108154297},"rotation":{"x":0.49679169058799746,"y":-0.0013018243480473757,"z":0.0007452355930581689,"w":0.8678697943687439},"size":32.18442153930664,"orthographic":false}