{"cameraMode":{"drawMode":0,"name":"Shaded","section":"Shading Mode"},"sceneLighting":false,"audioPlay":false,"sceneViewState":{"m_AlwaysRefresh":false,"showFog":false,"showSkybox":false,"showFlares":false,"showImageEffects":false,"showParticleSystems":false,"showVisualEffectGraphs":true,"m_FxEnabled":true},"in2DMode":false,"pivot":{"x":0.9646649956703186,"y":2.225893497467041,"z":-0.11597013473510742},"rotation":{"x":0.00868332851678133,"y":-0.03989066928625107,"z":-0.00034670968307182193,"w":-0.9991663694381714},"size":3.5660250186920168,"orthographic":false}