{"cameraMode":{"drawMode":0,"name":"Shaded","section":"Shading Mode"},"sceneLighting":false,"audioPlay":false,"sceneViewState":{"m_AlwaysRefresh":false,"showFog":false,"showSkybox":false,"showFlares":false,"showImageEffects":false,"showParticleSystems":false,"showVisualEffectGraphs":true,"m_FxEnabled":true},"in2DMode":false,"pivot":{"x":0.14137554168701173,"y":0.8598511815071106,"z":0.2367011308670044},"rotation":{"x":0.6292055249214172,"y":0.06505967676639557,"z":-0.05297788977622986,"w":0.7726975679397583},"size":0.08660255372524262,"orthographic":false}