{"cameraMode":{"drawMode":0,"name":"Shaded","section":"Shading Mode"},"sceneLighting":true,"audioPlay":false,"sceneViewState":{"m_AlwaysRefresh":false,"showFog":false,"showSkybox":false,"showFlares":false,"showImageEffects":false,"showParticleSystems":false,"showVisualEffectGraphs":true,"m_FxEnabled":true},"in2DMode":false,"pivot":{"x":-8.019980430603028,"y":8.063815116882325,"z":0.8549861907958984},"rotation":{"x":0.0359925702214241,"y":0.0024066756013780834,"z":0.00008886263094609603,"w":-0.9993661046028137},"size":5.7403130531311039,"orthographic":false}