{"cameraMode":{"drawMode":0,"name":"Shaded","section":"Shading Mode"},"sceneLighting":true,"audioPlay":false,"sceneViewState":{"m_AlwaysRefresh":false,"showFog":false,"showSkybox":false,"showFlares":false,"showImageEffects":false,"showParticleSystems":false,"showVisualEffectGraphs":true,"m_FxEnabled":true},"in2DMode":false,"pivot":{"x":-8.933073997497559,"y":-4.210883140563965,"z":6.059769630432129},"rotation":{"x":-0.028463000431656839,"y":-0.04855339974164963,"z":0.0013849667739123107,"w":-0.9984238743782044},"size":10.042841911315918,"orthographic":false}