{"cameraMode":{"drawMode":0,"name":"Shaded","section":"Shading Mode"},"sceneLighting":true,"audioPlay":false,"sceneViewState":{"m_AlwaysRefresh":false,"showFog":false,"showSkybox":false,"showFlares":false,"showImageEffects":false,"showParticleSystems":false,"showVisualEffectGraphs":true,"m_FxEnabled":true},"in2DMode":false,"pivot":{"x":-16.259918212890626,"y":10.388956069946289,"z":-13.172802925109864},"rotation":{"x":0.00868332851678133,"y":-0.03989066928625107,"z":-0.00034670968307182193,"w":-0.9991663694381714},"size":0.6221674680709839,"orthographic":false}