{"cameraMode":{"drawMode":0,"name":"Shaded","section":"Shading Mode"},"sceneLighting":true,"audioPlay":false,"sceneViewState":{"m_AlwaysRefresh":false,"showFog":false,"showSkybox":false,"showFlares":false,"showImageEffects":false,"showParticleSystems":false,"showVisualEffectGraphs":true,"m_FxEnabled":true},"in2DMode":false,"pivot":{"x":-11.505335807800293,"y":9.675737380981446,"z":-4.985584735870361},"rotation":{"x":0.002999881748110056,"y":-0.005091742612421513,"z":-0.000013139768270775676,"w":-0.9999962449073792},"size":1.9935009479522706,"orthographic":false}