{"cameraMode":{"drawMode":0,"name":"Shaded","section":"Shading Mode"},"sceneLighting":true,"audioPlay":false,"sceneViewState":{"m_AlwaysRefresh":false,"showFog":false,"showSkybox":false,"showFlares":false,"showImageEffects":false,"showParticleSystems":false,"showVisualEffectGraphs":true,"m_FxEnabled":true},"in2DMode":false,"pivot":{"x":0.8909083604812622,"y":0.17324674129486085,"z":-2.566258430480957},"rotation":{"x":-0.07034818828105927,"y":-0.05144166946411133,"z":0.0036331978626549246,"w":-0.9961931705474854},"size":4.311742782592773,"orthographic":false}