{"cameraMode":{"drawMode":0,"name":"Shaded","section":"Shading Mode"},"sceneLighting":true,"audioPlay":false,"sceneViewState":{"m_AlwaysRefresh":false,"showFog":false,"showSkybox":false,"showFlares":false,"showImageEffects":false,"showParticleSystems":false,"showVisualEffectGraphs":true,"m_FxEnabled":true},"in2DMode":false,"pivot":{"x":-7.1547465324401859,"y":6.103625774383545,"z":0.10168743133544922},"rotation":{"x":0.002999881748110056,"y":-0.005091742612421513,"z":-0.000013139768270775676,"w":-0.9999962449073792},"size":5.407395362854004,"orthographic":false}