{"cameraMode":{"drawMode":0,"name":"Shaded","section":"Shading Mode"},"sceneLighting":true,"audioPlay":false,"sceneViewState":{"m_AlwaysRefresh":false,"showFog":false,"showSkybox":false,"showFlares":false,"showImageEffects":false,"showParticleSystems":false,"showVisualEffectGraphs":true,"m_FxEnabled":true},"in2DMode":false,"pivot":{"x":-13.61169719696045,"y":15.846758842468262,"z":0.04355430603027344},"rotation":{"x":0.002999881748110056,"y":-0.005091742612421513,"z":-0.000013139768270775676,"w":-0.9999962449073792},"size":6.307395935058594,"orthographic":false}