{"cameraMode":{"drawMode":0,"name":"Shaded","section":"Shading Mode"},"sceneLighting":false,"audioPlay":false,"sceneViewState":{"m_AlwaysRefresh":false,"showFog":false,"showSkybox":false,"showFlares":false,"showImageEffects":false,"showParticleSystems":false,"showVisualEffectGraphs":true,"m_FxEnabled":true},"in2DMode":false,"pivot":{"x":-15.743673324584961,"y":16.798423767089845,"z":0.1385202407836914},"rotation":{"x":-0.04079022258520126,"y":0.020079806447029115,"z":-0.0008199914591386914,"w":-0.9989688396453857},"size":3.3896560668945314,"orthographic":false}