{"cameraMode":{"drawMode":0,"name":"Shaded","section":"Shading Mode"},"sceneLighting":true,"audioPlay":false,"sceneViewState":{"showFog":false,"showMaterialUpdate":false,"showSkybox":false,"showFlares":false,"showImageEffects":false,"showParticleSystems":false},"in2DMode":false,"pivot":{"x":-0.45704030990600588,"y":0.6673609018325806,"z":-0.06109420582652092},"rotation":{"x":-0.051260340958833697,"y":-0.03235422447323799,"z":0.0016618173103779555,"w":-0.998161792755127},"size":4.641904354095459,"orthographic":false}