{"cameraMode":{"drawMode":0,"name":"Shaded","section":"Shading Mode"},"sceneLighting":true,"audioPlay":false,"sceneViewState":{"m_AlwaysRefresh":false,"showFog":false,"showSkybox":false,"showFlares":false,"showImageEffects":false,"showParticleSystems":false,"showVisualEffectGraphs":true,"m_FxEnabled":true},"in2DMode":false,"pivot":{"x":0.7327826023101807,"y":1.2625772953033448,"z":-10.704699516296387},"rotation":{"x":0.001838363939896226,"y":-0.9981618523597717,"z":0.04194733127951622,"w":0.04374416545033455},"size":2.4246773719787599,"orthographic":false}