{"cameraMode":{"drawMode":0,"name":"Shaded","section":"Shading Mode"},"sceneLighting":false,"audioPlay":false,"sceneViewState":{"m_AlwaysRefresh":false,"showFog":false,"showSkybox":false,"showFlares":false,"showImageEffects":false,"showParticleSystems":false,"showVisualEffectGraphs":true,"m_FxEnabled":true},"in2DMode":false,"pivot":{"x":-0.09046396613121033,"y":10.021409034729004,"z":0.0948282778263092},"rotation":{"x":0.6098728179931641,"y":-0.028512820601463319,"z":0.021965015679597856,"w":0.791682779788971},"size":2.066025495529175,"orthographic":false}