{"cameraMode":{"drawMode":0,"name":"Shaded","section":"Shading Mode"},"sceneLighting":true,"audioPlay":false,"sceneViewState":{"showFog":false,"showMaterialUpdate":false,"showSkybox":false,"showFlares":false,"showImageEffects":false,"showParticleSystems":false},"in2DMode":false,"pivot":{"x":0.046312808990478519,"y":0.0327906608581543,"z":0.7592309713363648},"rotation":{"x":-0.1807144731283188,"y":0.735651969909668,"z":-0.2157755047082901,"w":-0.6161172389984131},"size":6.452178001403809,"orthographic":false}